{
  "name": "swiper",
  "repository": {
    "type": "git",
    "url": "https://github.com/nolimits4web/Swiper.git"
  },
  "description": "Most modern mobile touch slider and framework with hardware accelerated transitions",
  "version": "4.5.0",
  "author": "Vladimir Kharlampidi",
  "homepage": "http://www.idangero.us/swiper/",
  "keywords": [
    "swiper",
    "swipe",
    "slider",
    "touch",
    "ios",
    "mobile",
    "cordova",
    "phonegap",
    "app",
    "framework",
    "carousel",
    "gallery"
  ],
  "dependencies": {},
  "scripts": [
    "dist/js/swiper.js"
  ],
  "main": [
    "dist/js/swiper.js",
    "dist/css/swiper.css"
  ],
  "styles": [
    "dist/css/swiper.css"
  ],
  "license": [
    "MIT"
  ],
  "ignore": [
    ".*",
    "demos",
    "gulpfile",
    "build",
    "node_modules",
    "playground",
    "package.json"
  ],
  "_release": "4.5.0",
  "_resolution": {
    "type": "version",
    "tag": "v4.5.0",
    "commit": "1c4dfa3b08727f7febd9238980d8249d89202702"
  },
  "_source": "https://github.com/nolimits4web/Swiper.git",
  "_target": "^4.3.5",
  "_originalSource": "swiper"
}